014,22194,-23.331974029541016,-46.714969635009766,circular,1458784730000
014,22193,-23.320085525512695,-46.702205657958984,circular,1458784728000
020,21818,-23.56313133239746,-46.70667266845703,ida,1458784705000
020,21883,-23.539335250854492,-46.77103042602539,volta,1458784724000
020,21893,-23.534210205078125,-46.83638000488281,ida,1458784639000
022,21913,-23.561283333333332,-46.82965,volta,1458784723000
022,21917,-23.521169662475586,-46.82927703857422,volta,1458784741000
022,21743,-23.535717010498047,-46.781471252441406,ida,1458784741000
052,20677,-23.52022933959961,-46.74243927001953,volta,1458784693000
052,20725,-23.513927459716797,-46.776939392089844,volta,1458784694000
052,20552,-23.498225,-46.800977777777774,ida,1458784396000
052,20729,-23.52450942993164,-46.71236038208008,volta,1458784741000
052,20727,-23.521085739135742,-46.726234436035156,ida,1458784734000
053,20517,-23.478144444444446,-46.80493888888889,ida,1458784210000
053,20031,-23.51850700378418,-46.70854187011719,volta,1458784731000
053,20032,-23.521230697631836,-46.70988464355469,ida,1458784712000
053,20016,-23.497522354125977,-46.790287017822266,ida,1458784703000
053,20014,-23.50409698486328,-46.76987838745117,ida,1458784736000
053,20030,-23.502094444444445,-46.776922222222225,volta,1458784732000
053,20017,-23.489900588989258,-46.805484771728516,volta,1458784743000
054,20593,-23.42363166809082,-46.78874206542969,ida,1458784480000
054,20694,-23.51929722222222,-46.70727222222222,volta,1458784607000
054,20949,-23.34333038330078,-46.828819274902344,ida,1458784741000
054,20934,-23.34041976928711,-46.827728271484375,ida,1458784733000
054,20918,-23.40983009338379,-46.81945037841797,ida,1458784686000
058,20002,-23.5394287109375,-46.754032135009766,ida,1458784732000
058,20005,-23.498233333333335,-46.800916666666666,ida,1458784590000
058,20006,-23.547279357910156,-46.71569061279297,volta,1458784746000
059,21222,-23.543983459472656,-46.80046844482422,volta,1458784751000
059,21184,-23.56167984008789,-46.74692153930664,ida,1458784750000
059,21153,-23.57376480102539,-46.732845306396484,volta,1458784715000
060,21155,-23.574853897094727,-46.72838592529297,ida,1458784732000
060,21220,-23.57376480102539,-46.732845306396484,volta,1458784736000
060,21170,-23.570585250854492,-46.801841735839844,volta,1458784125000
061,21823,-23.574853897094727,-46.72838592529297,ida,1458784724000
061,21827,-23.571697235107422,-46.73950958251953,ida,1458784727000
061,21826,-23.5492000579834,-46.822601318359375,ida,1458784750000
080,20699,-23.541980743408203,-46.7304801940918,volta,1458784633000
080,20696,-23.564925,-46.69307222222222,volta,1458784757000
080,20631,-23.502930555555555,-46.77705,ida,1458784349000
080,20698,-23.502256393432617,-46.7769775390625,ida,1458784751000
080,20634,-23.500755310058594,-46.78437423706055,volta,1458784748000
081,21812,-23.539872222222222,-46.90986111111111,volta,1458784679000
081,21968,-23.572169444444445,-46.70876111111111,volta,1458784635000
081,21963,-23.531166076660156,-46.899818420410156,ida,1458784735000
082,21922,-23.400194444444445,-46.99921666666667,volta,1458784736000
082,21940,-23.51689910888672,-46.84367370605469,ida,1458784730000
082,21859,-23.52427101135254,-46.81108474731445,volta,1458784724000
082,21961,-23.525970458984375,-46.790855407714844,volta,1458784755000
082DV1,21954,-23.530963888888888,-46.77317222222222,volta,1458784596000
085,20893,-23.50885,-46.81386666666667,volta,1458784584000
085,20769,-23.518617630004883,-46.790985107421875,volta,1458784732000
085,20894,-23.530799865722656,-46.737098693847656,ida,1458784761000
085,20897,-23.53497886657715,-46.7338981628418,volta,1458784704000
085,20913,-23.490507125854492,-46.88531494140625,volta,1458784759000
085,20914,-23.49831199645996,-46.855796813964844,ida,1458784758000
086,21249,-23.55835,-46.80177222222222,ida,1458784762000
086,21226,-23.542861938476562,-46.80588912963867,ida,1458784761000
086,21137,-23.524275,-46.70534444444444,volta,1458784716000
086,21158,-23.548505555555554,-46.73736111111111,ida,1458784761000
086,21271,-23.551513888888888,-46.81423888888889,ida,1458784475000
113,20605,-23.482751846313477,-46.77670669555664,volta,1458784721000
113,20529,-23.514020919799805,-46.72615051269531,volta,1458784765000
113,20562,-23.509336471557617,-46.73179244995117,ida,1458784761000
120,22236,-23.407338888888887,-46.77603888888889,volta,1458784663000
122,20501,-23.497994444444444,-46.80466666666667,volta,1458784751000
122,20059,-23.532684326171875,-46.7721061706543,volta,1458784705000
122,20056,-23.547497222222223,-46.760422222222225,volta,1458784581000
122,2074,-23.497793333333334,-46.80509833333334,volta,1458784700899
122,2054,-23.502463333333335,-46.81439666666667,ida,1458784245994
122,2053,-23.499436666666664,-46.80570666666667,volta,1458784393683
122,2086,-23.500813333333333,-46.806824999999996,volta,1458784371440
130,27371,-23.540050506591797,-46.910064697265625,volta,1458784774000
130,27375,-23.518779754638672,-46.854217529296875,ida,1458784727000
130,27361,-23.517183303833008,-46.8410530090332,volta,1458784747000
130,27603,-23.542949676513672,-46.731815338134766,volta,1458784743000
130,27575,-23.537206649780273,-46.72490310668945,ida,1458784750000
130,27579,-23.525070190429688,-46.80231857299805,ida,1458784648000
131,21881,-23.526765823364258,-46.79307556152344,ida,1458784744000
131,21880,-23.551401138305664,-46.74066925048828,volta,1458784764000
131,21907,-23.55685806274414,-46.749786376953125,volta,1458784764000
133,21980,-23.513505555555554,-46.86983333333333,ida,1458784605000
133,21979,-23.539335250854492,-46.77103042602539,volta,1458784696000
133,21984,-23.541379928588867,-46.92669677734375,volta,1458784661000
133,21983,-23.529333333333334,-46.90168888888889,ida,1458784756000
133BI1,21864,-23.540672302246094,-46.92144012451172,ida,1458784766000
133BI1,21964,-23.513097763061523,-46.87910842895508,ida,1458784758000
133BI1,21965,-23.529911041259766,-46.89798355102539,ida,1458784775000
134,21746,-23.525684356689453,-46.77949142456055,ida,1458784778000
134,21788,-23.534465789794922,-46.86199188232422,volta,1458784770000
138,20708,-23.514976501464844,-46.78374481201172,ida,1458784778000
138,20705,-23.558963775634766,-46.69802474975586,volta,1458784752000
138,20704,-23.503700256347656,-46.788597106933594,volta,1458784774000
138,20628,-23.54717777777778,-46.69025,volta,1458784738000
180,21186,-23.57248878479004,-46.80183410644531,ida,1458784704000
180,21238,-23.526012420654297,-46.70741271972656,volta,1458784777000
180,21167,-23.574275970458984,-46.80009460449219,ida,1458784753000
180,21239,-23.55685806274414,-46.749786376953125,ida,1458784733000
180,21139,-23.57513999938965,-46.80892562866211,volta,1458784781000
181,21199,-23.537206649780273,-46.72490310668945,volta,1458784744000
181,21257,-23.55685806274414,-46.749786376953125,volta,1458784761000
181,21273,-23.562767028808594,-46.79801559448242,ida,1458784781000
197,22107,-23.406787872314453,-46.73491668701172,volta,1458784779000
197,22109,-23.44953155517578,-46.72144317626953,ida,1458784721000
199,22230,-23.330175399780273,-46.75044631958008,volta,1458784771000
199,22228,-23.36142921447754,-46.74580001831055,ida,1458784726000
199,22227,-23.402219772338867,-46.749168395996094,volta,1458784766000
202,20522,-23.528940200805664,-46.77493667602539,ida,1458784711000
202,20571,-23.486614227294922,-46.77470016479492,volta,1458784763000
202,20559,-23.561119079589844,-46.7648811340332,volta,1458784004000
202,20630,-23.484347222222222,-46.765877777777774,ida,1458784775000
202,20626,-23.537713888888888,-46.77297222222222,volta,1458784731000
202,20629,-23.477233333333334,-46.71522777777778,volta,1458784619000
203,20569,-23.508588790893555,-46.75419616699219,ida,1458784774000
203,20567,-23.508403778076172,-46.75263977050781,volta,1458784755000
204,20036,-23.531700134277344,-46.71670150756836,volta,1458784751000
204,20019,-23.515392303466797,-46.788082122802734,volta,1458784571000
204,20040,-23.498497009277344,-46.80315017700195,volta,1458784789000
204,20037,-23.527570724487305,-46.762657165527344,ida,1458784763000
211,20008,-23.547279357910156,-46.71569061279297,volta,1458784733000
211,20007,-23.501655555555555,-46.77032777777778,ida,1458784774000
216,22114,-23.328055555555554,-46.72508888888889,ida,1458784212000
216,22113,-23.300134658813477,-46.71625900268555,ida,1458784575000
223,21814,-23.536697387695312,-46.81863021850586,ida,1458784759000
223,21805,-23.52460289001465,-46.81586837768555,ida,1458784707000
223,21882,-23.53437042236328,-46.82470703125,ida,1458784794000
224,21870,-23.549057006835938,-46.73793029785156,volta,1458784768000
224,21803,-23.531700134277344,-46.71670150756836,volta,1458784783000
225,21876,-23.524961471557617,-46.80279541015625,volta,1458784790000
225,21873,-23.57373046875,-46.725921630859375,ida,1458784793000
225,21871,-23.563034057617188,-46.692054748535156,ida,1458784783000
228,20025,-23.512407302856445,-46.780208587646484,ida,1458784791000
228,20065,-23.495033264160156,-46.8486442565918,volta,1458784780000
228,20067,-23.52065086364746,-46.720523834228516,volta,1458784784000
229,20064,-23.50289535522461,-46.7790412902832,volta,1458784792000
229,20061,-23.519955555555555,-46.70573888888889,volta,1458784604000
230,20022,-23.546913888888888,-46.76101666666667,volta,1458784726000
230,20026,-23.502582550048828,-46.85123825073242,volta,1458784687000
230,20518,-23.519479751586914,-46.77582550048828,volta,1458784795000
230,20073,-23.503101348876953,-46.8306770324707,ida,1458784725000
231,20779,-23.505819444444445,-46.75839444444444,ida,1458784767000
231BI1,20784,-23.50152587890625,-46.804840087890625,volta,1458784798000
231BI1,20776,-23.523980555555557,-46.6439,volta,1458784783000
231BI1,20774,-23.508588790893555,-46.75419616699219,volta,1458784767000
244,21194,-23.586660385131836,-46.81809616088867,volta,1458784781000
244,21217,-23.528619444444445,-46.77522222222222,ida,1458784737000
246,21804,-23.54209327697754,-46.76607894897461,volta,1458784792000
246,21948,-23.442880555555554,-46.93141111111111,ida,1458784114000
246,21950,-23.490507125854492,-46.88531494140625,volta,1458784797000
246,21952,-23.483747482299805,-46.89368438720703,ida,1458784663000
246,21946,-23.51169722222222,-46.871,ida,1458784727000
246,21949,-23.52078628540039,-46.83246994018555,ida,1458784775000
247,21931,-23.517715454101562,-46.923095703125,ida,1458784797000
247,21925,-23.53986167907715,-46.91590881347656,ida,1458784803000
247,21935,-23.59626007080078,-46.920631408691406,ida,1458784675000
247,21927,-23.60325277777778,-46.91990555555556,ida,1458784759000
247,21932,-23.518781661987305,-46.92715835571289,volta,1458784804000
247,21924,-23.48819923400879,-46.95478439331055,ida,1458784777000
247VP1,21936,-23.587987899780273,-46.92121124267578,volta,1458784782000
247VP1,21941,-23.532482147216797,-46.90330505371094,volta,1458784789000
260,24828,-23.504671096801758,-46.832645416259766,volta,1458784697000
260,24792,-23.587717056274414,-46.825809478759766,volta,1458784546000
260,24776,-23.587724685668945,-46.8258056640625,ida,1458784757000
260,24796,-23.496122222222223,-46.85360555555555,volta,1458782125000
261,20582,-23.5175838470459,-46.7054328918457,volta,1458784708000
261,20584,-23.464168548583984,-46.778770446777344,ida,1458784791000
261,20957,-23.40414047241211,-46.902103424072266,ida,1458784263000
261,20920,-23.409671783447266,-46.84098434448242,volta,1458784813000
263,2026,-23.54453,-46.80055666666667,volta,1458784328528
263,21180,-23.559162139892578,-46.801631927490234,ida,1458784815000
263,21241,-23.528661727905273,-46.781471252441406,volta,1458784768000
263,21230,-23.544034957885742,-46.76346206665039,ida,1458784798000
263,21138,-23.535533905029297,-46.801551818847656,volta,1458784809000
263,21176,-23.56529426574707,-46.814762115478516,volta,1458784797000
263,21171,-23.535804748535156,-46.77265548706055,volta,1458784798000
264,27301,-23.470033645629883,-46.871849060058594,ida,1458784765000
264,27509,-23.483747482299805,-46.89368438720703,ida,1458784808000
280,20179,-23.559675216674805,-46.7069091796875,volta,1458784810000
280,20139,-23.530602777777776,-46.774277777777776,ida,1458784232000
280,20141,-23.685611724853516,-46.6225700378418,ida,1458784810000
280,20169,-23.63142967224121,-46.68307876586914,ida,1458784814000
280,20172,-23.539670944213867,-46.77111053466797,volta,1458784754000
280,20163,-23.558994444444444,-46.71243333333334,ida,1458784794000
280,20164,-23.53065,-46.774388888888886,ida,1458784762000
280,20116,-23.65415382385254,-46.66788101196289,volta,1458784811000
280,20118,-23.625669479370117,-46.690391540527344,volta,1458784809000
280,20162,-23.688570022583008,-46.590850830078125,volta,1458784790000
280,20200,-23.69813611111111,-46.552905555555554,ida,1458784664000
280BI1,20143,-23.698325,-46.55293611111111,volta,1458784777000
280BI1,20173,-23.664939880371094,-46.65907669067383,ida,1458784816000
280BI1,20165,-23.66295623779297,-46.66194534301758,ida,1458784795000
280BI1,20148,-23.68964958190918,-46.568485260009766,ida,1458784707000
283,21715,-23.544034957885742,-46.76346206665039,volta,1458784789000
283,21717,-23.547633333333334,-46.761316666666666,volta,1458784648000
283,21706,-23.53830909729004,-46.85453796386719,volta,1458784807000
283,21819,-23.528377532958984,-46.77908706665039,volta,1458784817000
283,21891,-23.540210723876953,-46.83164978027344,volta,1458784813000
283,21820,-23.53690528869629,-46.83708953857422,volta,1458784804000
283,21914,-23.538715362548828,-46.85603332519531,volta,1458784811000
283,21828,-23.536800384521484,-46.83932113647461,volta,1458784786000
283,21787,-23.525630950927734,-46.81904602050781,ida,1458784768000
283,21740,-23.528270721435547,-46.8472900390625,volta,1458784630000
283,21847,-23.52998161315918,-46.78392028808594,ida,1458784802000
291,27543,-23.52520277777778,-46.89022777777778,volta,1458784803000
291,27569,-23.51042938232422,-46.87339782714844,volta,1458784804000
291,27567,-23.551979064941406,-46.901920318603516,ida,1458784656000
303,20717,-23.493131637573242,-46.80564880371094,ida,1458784822000
303,20715,-23.48814582824707,-46.80950164794922,ida,1458784817000
303,20712,-23.532883333333334,-46.77283333333333,volta,1458784789000
303,20720,-23.546772222222224,-46.76116666666667,volta,1458784425000
303,20718,-23.489900588989258,-46.805484771728516,volta,1458784781000
303,20716,-23.52679722222222,-46.77407222222222,ida,1458784798000
303,20719,-23.525590896606445,-46.773433685302734,volta,1458784800000
303,20714,-23.50289535522461,-46.7790412902832,volta,1458784810000
303,2066,-23.500766666666664,-46.78443833333334,volta,1458784821826
303,2023,-23.48597333333333,-46.811078333333334,volta,1458784782986
307,25149,-23.538711547851562,-46.83528137207031,circular,1458784821000
307,25178,-23.588830947875977,-46.83124542236328,circular,1458784812000
307,25176,-23.517516666666666,-46.83778888888889,circular,1458784644000
309,20905,-23.515392303466797,-46.788082122802734,volta,1458784796000
309,20906,-23.544570922851562,-46.751346588134766,ida,1458784818000
309,20904,-23.488624572753906,-46.89112854003906,volta,1458784821000
310,20953,-23.431659698486328,-46.82780838012695,volta,1458783779000
310,20923,-23.48153611111111,-46.77047777777778,volta,1458784714000
310,20930,-23.521167755126953,-46.71214294433594,ida,1458784816000
312,20765,-23.4316,-46.82776111111111,ida,1458784150000
312,20899,-23.402883529663086,-46.899986267089844,ida,1458783236000
312,20908,-23.406490325927734,-46.896663665771484,ida,1458784601000
312,20985,-23.41176414489746,-46.891944885253906,ida,1458784827000
313,27461,-23.454697222222222,-46.895427777777776,volta,1458784800000
313,27443,-23.522869110107422,-46.90802764892578,ida,1458784694000
313,27473,-23.542579650878906,-46.95872116088867,ida,1458784821000
313,27459,-23.536291122436523,-47.009010314941406,ida,1458784807000
313,27455,-23.5064697265625,-46.89604949951172,volta,1458784733000
313,27475,-23.493431091308594,-46.849220275878906,ida,1458784796000
317,26054,-23.302936553955078,-46.73398208618164,volta,1458784823000
321,24652,-23.53131866455078,-46.822261810302734,volta,1458784816000
321,24808,-23.478012084960938,-46.858211517333984,volta,1458784809000
321,24558,-23.46000862121582,-46.87551498413086,ida,1458784806000
322,20524,-23.516000747680664,-46.753631591796875,volta,1458784772000
322,20621,-23.488041666666668,-46.807066666666664,volta,1458784824000
322,20615,-23.54558753967285,-46.71843338012695,ida,1458784821000
322,20617,-23.5589599609375,-46.69744873046875,volta,1458784821000
324,20747,-23.414854049682617,-46.822608947753906,volta,1458784832000
324,20533,-23.46233367919922,-46.876705169677734,volta,1458784828000
324,20607,-23.410240173339844,-46.82537078857422,volta,1458784833000
324,20611,-23.494616666666666,-46.80952222222222,ida,1458784810000
324,20606,-23.407007217407227,-46.889774322509766,ida,1458784829000
324,20608,-23.439050674438477,-46.90791320800781,volta,1458784594000
324,20983,-23.409671783447266,-46.84098434448242,volta,1458784825000
324,20980,-23.478625,-46.80543888888889,volta,1458784202000
324,20982,-23.409700393676758,-46.83567810058594,ida,1458784560000
324,20977,-23.429210662841797,-46.90230178833008,volta,1458784816000
324BI1,20750,-23.441234588623047,-46.912410736083984,volta,1458784817000
329,21811,-23.566258333333334,-46.692655555555554,volta,1458784752000
329,21856,-23.553699493408203,-46.83572006225586,ida,1458784832000
329,21845,-23.583471298217773,-46.77928924560547,ida,1458784814000
331,22206,-23.522920608520508,-46.69771957397461,volta,1458784814000
331,22204,-23.37962222222222,-46.72197222222222,volta,1458784816000
331,22208,-23.40217399597168,-46.721466064453125,volta,1458784835000
331,22298,-23.4527645111084,-46.71876525878906,volta,1458784772000
345,27551,-23.517030715942383,-46.84021759033203,volta,1458784836000
345,27363,-23.55685806274414,-46.749786376953125,ida,1458784811000
345,27511,-23.543968200683594,-46.732513427734375,volta,1458784788000
346,27289,-23.442877777777777,-46.89995,volta,1458784715000
346,27495,-23.515668869018555,-46.835914611816406,volta,1458784839000
346,27517,-23.502127777777776,-46.835483333333336,volta,1458784840000
346,27527,-23.524717330932617,-46.89366912841797,volta,1458784790000
346,27583,-23.49625587463379,-46.85363006591797,ida,1458784828000
350,27377,-23.541608810424805,-46.7301139831543,ida,1458784840000
350,27535,-23.55705451965332,-46.74502182006836,volta,1458784837000
350,27523,-23.538923263549805,-46.727596282958984,volta,1458784812000
350,27357,-23.5523624420166,-46.90306091308594,ida,1458784423000
350,27373,-23.547880172729492,-46.88595962524414,volta,1458784842000
350,27529,-23.52145004272461,-46.698760986328125,volta,1458784685000
350,27559,-23.543968200683594,-46.732513427734375,volta,1458784780000
350,27585,-23.531389236450195,-46.71937942504883,ida,1458784836000
350,27571,-23.542564392089844,-46.92369842529297,volta,1458784806000
350,27589,-23.54542350769043,-46.934513092041016,volta,1458784781000
350BI1,27367,-23.534893035888672,-46.880489349365234,ida,1458784814000
350BI1,27491,-23.52370834350586,-46.805030822753906,volta,1458784444000
352,20959,-23.42251968383789,-46.853511810302734,ida,1458784824000
352,20691,-23.520235061645508,-46.71101760864258,volta,1458784813000
352,20956,-23.46371078491211,-46.778778076171875,volta,1458784595000
352,20961,-23.43001937866211,-46.86017990112305,volta,1458784842000
352,20917,-23.45286388888889,-46.78666666666667,ida,1458784838000
360,21916,-23.52018928527832,-46.856117248535156,ida,1458784838000
360,21744,-23.520490646362305,-46.84268569946289,volta,1458784824000
360,21830,-23.538320541381836,-46.865726470947266,ida,1458784847000
361,22186,-23.38503074645996,-46.7328987121582,volta,1458784793000
361,22171,-23.497400283813477,-46.725528717041016,volta,1458784847000
361,22172,-23.360193252563477,-46.74304962158203,ida,1458784731000
361,22178,-23.5266170501709,-46.66753387451172,volta,1458784818000
361,22180,-23.452457427978516,-46.718605041503906,volta,1458784847000
361,22177,-23.44953155517578,-46.72144317626953,ida,1458784672000
361,22167,-23.277000427246094,-46.73468017578125,volta,1458784252000
361,22175,-23.52397918701172,-46.68717956542969,ida,1458784836000
378,20157,-23.498638153076172,-46.85371017456055,ida,1458784804000
378,20183,-23.520240783691406,-46.7813835144043,ida,1458784701000
378,20185,-23.5715,-46.641816666666664,ida,1458784802000
378,20126,-23.565797805786133,-46.6514778137207,ida,1458784845000
378,20128,-23.553802490234375,-46.708492279052734,ida,1458784820000
378,20184,-23.472198486328125,-46.87004089355469,ida,1458784843000
386,20960,-23.56467222222222,-46.69282777777778,volta,1458784701000
386,20962,-23.507469177246094,-46.764469146728516,ida,1458784848000
386,20590,-23.409547805786133,-46.84550476074219,volta,1458784828000
386,20896,-23.516382217407227,-46.756500244140625,volta,1458784850000
386,20592,-23.402883529663086,-46.899986267089844,volta,1458784847000
390,21714,-23.559045791625977,-46.80414962768555,ida,1458784852000
390,21905,-23.515668869018555,-46.835914611816406,volta,1458784823000
390,21919,-23.545955555555555,-46.8095,volta,1458784776000
390,21911,-23.486716666666666,-46.860566666666664,volta,1458784657000
390,21920,-23.53432777777778,-46.81024444444444,volta,1458784825000
392,25152,-23.55590057373047,-46.845401763916016,volta,1458784851000
392,25150,-23.533979415893555,-46.84757995605469,volta,1458784443000
392,25166,-23.54677963256836,-46.841148376464844,volta,1458784850000
392,25151,-23.507417678833008,-46.84766387939453,volta,1458784856000
392,25180,-23.517057418823242,-46.84469223022461,volta,1458784848000
392BI1,25160,-23.529489517211914,-46.84782409667969,volta,1458784845000
399,20756,-23.52361297607422,-46.65997314453125,ida,1458784824000
399,20789,-23.522899627685547,-46.6579704284668,volta,1458784816000
399,20557,-23.507897222222223,-46.70645,volta,1458784847000
399,20560,-23.494699478149414,-46.79296112060547,volta,1458784651000
399,20760,-23.50317777777778,-46.77012777777778,volta,1458784856000
404,21177,-23.576156616210938,-46.8023796081543,volta,1458784847000
404,21235,-23.572097222222222,-46.70854444444444,volta,1458784265000
404,21252,-23.567337036132812,-46.793365478515625,ida,1458784826000
417,23067,-23.481706619262695,-46.89421081542969,volta,1458784834000
417,23065,-23.502880096435547,-46.87874984741211,volta,1458784858000
417,23069,-23.492219924926758,-46.88313293457031,ida,1458784853000
418,21943,-23.43140411376953,-46.93657302856445,ida,1458784843000
418,21957,-23.40026092529297,-47.00682067871094,ida,1458784852000
418,21960,-23.422530555555557,-46.94493333333333,volta,1458784604000
420,21921,-23.545472222222223,-46.93456666666667,volta,1458784859000
420,21858,-23.520877777777777,-46.83143333333334,ida,1458784736000
420,21977,-23.54292106628418,-46.76531219482422,ida,1458784865000
420,21991,-23.542280197143555,-46.92388153076172,volta,1458784867000
420,21988,-23.54234504699707,-46.92995071411133,ida,1458784738000
420,21987,-23.52172088623047,-46.892520904541016,ida,1458784859000
426,22184,-23.285591666666665,-46.79788333333333,volta,1458784866000
428,21944,-23.573789596557617,-46.72621154785156,ida,1458784862000
428,21947,-23.539979934692383,-46.866119384765625,volta,1458784868000
430,22187,-23.289257049560547,-46.751346588134766,circular,1458784847000
436,26056,-23.320552825927734,-46.721256256103516,ida,1458784053000
436,26057,-23.278724670410156,-46.73991394042969,ida,1458784178000
438,22104,-23.518102777777777,-46.70234444444444,volta,1458784411000
438,22102,-23.329158782958984,-46.70618438720703,volta,1458784863000
439,20499,-23.497830555555556,-46.80146666666667,ida,1458784783000
439,20498,-23.48356056213379,-46.76673126220703,ida,1458784841000
439,20049,-23.497966766357422,-46.801170349121094,ida,1458784779000
439,20052,-23.50260353088379,-46.83362579345703,ida,1458784870000
439,20054,-23.501298904418945,-46.83899688720703,volta,1458784864000
439,20598,-23.503063201904297,-46.77200698852539,ida,1458784792000
448,24816,-23.467729568481445,-46.85045623779297,ida,1458784862000
448,24748,-23.534250259399414,-46.82435607910156,volta,1458784865000
449,24710,-23.519697189331055,-46.835208892822266,ida,1458784835000
449,24700,-23.468812942504883,-46.871768951416016,volta,1458784858000
449,24746,-23.536705017089844,-46.81869125366211,volta,1458784700000
450,24810,-23.502477777777777,-46.84912222222222,volta,1458784734000
450,24790,-23.567996978759766,-46.823760986328125,ida,1458784776000
450,24728,-23.538970947265625,-46.82263946533203,volta,1458784827000
450,24724,-23.521024703979492,-46.830020904541016,volta,1458784868000
450,2100,-23.574301666666663,-46.817236666666666,ida,1458784639996
454,27537,-23.511616666666665,-46.874433333333336,volta,1458784759000
454,27297,-23.557769775390625,-46.88481903076172,volta,1458784873000
454,27499,-23.511337280273438,-46.88079071044922,volta,1458784863000
455,24818,-23.506925,-46.85235,ida,1458784408000
455,24692,-23.537595748901367,-46.83555221557617,ida,1458784811000
455,24688,-23.555614471435547,-46.836936950683594,ida,1458784878000
455,24684,-23.49884033203125,-46.85240173339844,ida,1458784872000
455,2069,-23.563376666666667,-46.832523333333334,volta,1458784116429
456,24542,-23.555479049682617,-46.83686828613281,ida,1458784555000
462,20603,-23.42770004272461,-46.85932159423828,volta,1458784835000
462,20601,-23.429677777777776,-46.85021666666667,ida,1458784778000
462,20539,-23.411970138549805,-46.869773864746094,ida,1458784388000
462,20968,-23.4437255859375,-46.913333892822266,volta,1458784877000
462,20600,-23.42251968383789,-46.853511810302734,ida,1458784761000
462,20538,-23.430319444444443,-46.85018888888889,ida,1458784806000
462,20669,-23.425050735473633,-46.85723876953125,ida,1458784884000
462,20900,-23.428260803222656,-46.859134674072266,volta,1458784880000
462,20964,-23.430186111111112,-46.85011111111111,ida,1458784817000
462,20965,-23.496280670166016,-46.78983688354492,volta,1458784885000
462,20969,-23.4611759185791,-46.87887954711914,volta,1458784862000
462,20670,-23.49610137939453,-46.811832427978516,ida,1458784882000
462,20973,-23.527880555555555,-46.77505,volta,1458784757000
462,20972,-23.50697898864746,-46.77165985107422,ida,1458784887000
462,20975,-23.44700050354004,-46.905548095703125,ida,1458784838000
462,20912,-23.498289108276367,-46.81523513793945,volta,1458784879000
463,23045,-23.524717330932617,-46.89366912841797,volta,1458784837000
463,23061,-23.470426559448242,-46.870548248291016,volta,1458784850000
463,23041,-23.492185592651367,-46.84696578979492,volta,1458784829000
463BI1,23049,-23.533141666666666,-46.92555,ida,1458784880000
466,21244,-23.531999588012695,-46.78539276123047,volta,1458784891000
466,21223,-23.569826126098633,-46.793182373046875,ida,1458784875000
466,21225,-23.58473888888889,-46.812961111111115,ida,1458784766000
466,21243,-23.50119400024414,-46.838478088378906,volta,1458784874000
466,21198,-23.519697189331055,-46.835208892822266,ida,1458784834000
467,20955,-23.51952777777778,-46.706716666666665,volta,1458784477000
467,20931,-23.409379959106445,-46.879329681396484,volta,1458784893000
468,27469,-23.5036563873291,-46.84743881225586,volta,1458784823000
468,27467,-23.461654663085938,-46.878997802734375,ida,1458784834000
468,27481,-23.59918785095215,-46.91840362548828,volta,1458784859000
468,27451,-23.504520416259766,-46.86317825317383,ida,1458784881000
468,27425,-23.562999725341797,-46.928924560546875,ida,1458784856000
468,27447,-23.568844444444444,-46.92617222222222,ida,1458784881000
468,27427,-23.52459144592285,-46.93634033203125,ida,1458784797000
468,27429,-23.454625,-46.89565,ida,1458784862000
468,27463,-23.593841552734375,-46.92103958129883,volta,1458784870000
469,22245,-23.30071258544922,-46.705379486083984,ida,1458784889000
469,22250,-23.357513427734375,-46.722450256347656,volta,1458784794000
479,21129,-23.560028076171875,-46.79921340942383,volta,1458784882000
479,21231,-23.562623977661133,-46.79818344116211,ida,1458784877000
479,2102,-23.56563833333333,-46.813451666666666,volta,1458784700052
489,27335,-23.601863861083984,-46.91847610473633,circular,1458784877000
489,27403,-23.58818244934082,-46.92110824584961,circular,1458784887000
492,21719,-23.581340789794922,-46.730735778808594,volta,1458784896000
492,21843,-23.583280563354492,-46.816200256347656,ida,1458784900000
496,21154,-23.590110778808594,-46.782108306884766,ida,1458784895000
496,21185,-23.492683333333332,-46.85187777777778,ida,1458784898000
496,21160,-23.564165115356445,-46.79588317871094,ida,1458784902000
496,21255,-23.602880555555554,-46.78208333333333,ida,1458784552000
496,21245,-23.517455555555557,-46.8369,volta,1458784814000
496,21276,-23.498638153076172,-46.85371017456055,volta,1458784902000
496,21269,-23.52379035949707,-46.82093811035156,volta,1458784896000
497,24786,-23.543883333333333,-46.834133333333334,ida,1458784856000
497,24696,-23.49831199645996,-46.855796813964844,volta,1458784886000
497,24674,-23.47650909423828,-46.83702850341797,ida,1458784850000
498,24806,-23.468812942504883,-46.871768951416016,volta,1458784891000
498,24676,-23.569982528686523,-46.82490921020508,volta,1458784898000
498,24694,-23.521150588989258,-46.83625793457031,volta,1458784894000
498,24572,-23.551488876342773,-46.83510208129883,volta,1458784862000
498,24576,-23.56383514404297,-46.827449798583984,ida,1458784728000
498,24720,-23.492399215698242,-46.849952697753906,ida,1458784883000
516,21971,-23.55335807800293,-46.90467071533203,ida,1458784814000
516,21973,-23.573612213134766,-46.73638916015625,volta,1458784882000
516,21972,-23.574361111111113,-46.727605555555556,volta,1458784785000
517,21978,-23.539335250854492,-46.77103042602539,volta,1458784842000
517,21974,-23.537227777777776,-46.7789,volta,1458784668000
524,20793,-23.519758333333332,-46.67491111111111,ida,1458784870000
524,20786,-23.52048683166504,-46.748046875,volta,1458784743000
528,24826,-23.52846908569336,-46.83922576904297,volta,1458784893000
528,24648,-23.498199462890625,-46.84575271606445,ida,1458784908000
528,21784,-23.538144444444445,-46.86044444444445,ida,1458784875000
528,21848,-23.498010635375977,-46.85297393798828,volta,1458784896000
533,27385,-23.51516342163086,-46.83575439453125,ida,1458784903000
533,27545,-23.517581939697266,-46.83803939819336,volta,1458784894000
533,27519,-23.529911041259766,-46.89798355102539,volta,1458784854000
533,27563,-23.478122222222222,-46.80531666666667,volta,1458784820000
534,27505,-23.52735277777778,-46.896116666666664,volta,1458784884000
536,22189,-23.331619262695312,-46.750999450683594,circular,1458784875000
536,22190,-23.330258333333333,-46.727155555555555,circular,1458784370000
542,24740,-23.540550231933594,-46.82611846923828,volta,1458784919000
542,24660,-23.46479606628418,-46.87728500366211,volta,1458784893000
542,24744,-23.500205555555556,-46.84256111111111,ida,1458784916000
550,21942,-23.426843643188477,-46.943546295166016,volta,1458784916000
557,27391,-23.541671752929688,-46.897064208984375,ida,1458784920000
557,27493,-23.55827222222222,-46.74621666666667,ida,1458784885000
557,27515,-23.538923263549805,-46.727596282958984,volta,1458784920000
557,27581,-23.518756866455078,-46.85459518432617,volta,1458784723000
557,27587,-23.524961471557617,-46.80279541015625,volta,1458784799000
559,24800,-23.455377777777777,-46.89532777777778,volta,1458784822000
559,24562,-23.536019444444445,-46.818444444444445,ida,1458784908000
559,24750,-23.515668869018555,-46.835914611816406,volta,1458784855000
560,20800,-23.52481111111111,-46.62887777777778,volta,1458784682000
560,20797,-23.52793611111111,-46.77493888888889,ida,1458784834000
560,20795,-23.513690948486328,-46.70298385620117,volta,1458784917000
564,22232,-23.443649291992188,-46.79671096801758,volta,1458784924000
572,21164,-23.584827423095703,-46.76667785644531,volta,1458784927000
572,21272,-23.57236671447754,-46.80168151855469,ida,1458784924000
579,21181,-23.553443908691406,-46.79368591308594,ida,1458784923000
579,21142,-23.530116666666668,-46.79578333333333,ida,1458784924000
579,21232,-23.535860061645508,-46.79335021972656,ida,1458784894000
581,25138,-23.55940818786621,-46.82500076293945,circular,1458784825000
583,27348,-23.544783333333335,-46.933933333333336,ida,1458784753000
583,27350,-23.51099967956543,-46.68428039550781,ida,1458784929000
805,21852,-23.39431381225586,-47.000118255615234,ida,1458784919000
805,21959,-23.541947222222223,-46.76636111111111,volta,1458784914000
805,21956,-23.45881462097168,-46.91091537475586,ida,1458784931000
815,27329,-23.648799896240234,-46.86157989501953,circular,1458784932000
818,20194,-23.518035888671875,-46.746238708496094,volta,1458784931000
818,20193,-23.524069444444443,-46.62867222222222,volta,1458784779000
818,20189,-23.502582550048828,-46.85067367553711,ida,1458784903000
818,20132,-23.519627777777778,-46.78412222222222,ida,1458784924000
819,21509,-23.50861358642578,-46.82059097290039,ida,1458784888000
824,21930,-23.481969833374023,-46.88724899291992,volta,1458784936000
824,21958,-23.41008758544922,-46.95090103149414,ida,1458784932000
824VP1,21851,-23.444272994995117,-46.913326263427734,ida,1458784929000
824VP1,21955,-23.40971565246582,-46.97814178466797,ida,1458784924000
